judul,sumber,tanggal,skor,saham,link
"Tinjau Stok BBM di Sejumlah SPBU Jateng, Bahlil: Insyaallah Doa ya, Jangan Naik",IDX Channel,"Thu, 26 Mar 2026 16:48:00 +070",1,,https://www.idxchannel.com/economics/tinjau-stok-bbm-di-sejumlah-spbu-jateng-bahlil-insyaallah-doa-ya-jangan-naik
OMED Catat Laba Bersih Naik 14 Persen Jadi Rp367 Miliar di 2025,IDX Channel,"Thu, 26 Mar 2026 16:45:00 +070",2,,https://www.idxchannel.com/market-news/omed-catat-laba-bersih-naik-14-persen-jadi-rp367-miliar-di-2025
Arab Saudi Tuding Serangan Iran ke Negara Timur Tengah Sengaja Dipersiapkan Sebelumnya,IDX Channel,"Thu, 26 Mar 2026 16:34:00 +070",0,,https://www.idxchannel.com/news/arab-saudi-tuding-serangan-iran-ke-negara-timur-tengah-sengaja-dipersiapkan-sebelumnya
"Pendapatan Metrodata (MTDL) Tumbuh 8,1 Persen Sepanjang 2025, Ini Segmen Penopangnya",IDX Channel,"Thu, 26 Mar 2026 16:30:00 +070",1,,https://www.idxchannel.com/market-news/pendapatan-metrodata-mtdl-tumbuh-81-persen-sepanjang-2025-ini-segmen-penopangnya
"10 Saham Top Gainer Perdagangan Kamis 26 Maret 2026, Simak Daftar Emitennya",IDX Channel,"Thu, 26 Mar 2026 16:29:00 +070",1,,https://www.idxchannel.com/market-news/10-saham-top-gainer-perdagangan-kamis-26-maret-2026-simak-daftar-emitennya
"H+5 Lebaran 2026, Arus Balik di Jalur Pantura Cirebon Didominasi Pemudik dengan Motor",IDX Channel,"Thu, 26 Mar 2026 16:24:00 +070",0,,https://www.idxchannel.com/news/h5-lebaran-2026-arus-balik-di-jalur-pantura-cirebon-didominasi-pemudik-dengan-motor
210 Ribu Orang Telah Kembali ke Jakarta Naik Kereta selama Arus Balik Lebaran,IDX Channel,"Thu, 26 Mar 2026 16:23:00 +070",1,,https://www.idxchannel.com/economics/210-ribu-orang-telah-kembali-ke-jakarta-naik-kereta-selama-arus-balik-lebaran
"Jelang RUPSLB Minta Restu Go Private, Dua Anggota Dewan Komisaris EDGE Resign",IDX Channel,"Thu, 26 Mar 2026 16:20:00 +070",0,,https://www.idxchannel.com/market-news/jelang-rupslb-minta-restu-go-private-dua-anggota-dewan-komisaris-edge-resign
"Kementerian PKP Akan Kucurkan Rp22,6 Miliar untuk Tata Kawasan Permukiman Kumuh di Samosir",IDX Channel,"Thu, 26 Mar 2026 16:06:00 +070",0,,https://www.idxchannel.com/economics/kementerian-pkp-akan-kucurkan-rp226-miliar-untuk-tata-kawasan-permukiman-kumuh-di-samosir
"5 Cara Mengembalikan Semangat kerja usai Libur Panjang, Cocok untuk Pekerja Sibuk",IDX Channel,"Thu, 26 Mar 2026 16:03:00 +070",0,,https://www.idxchannel.com/milenomic/5-cara-mengembalikan-semangat-kerja-usai-libur-panjang-cocok-untuk-pekerja-sibuk
"Cari Cara Jaga Subsidi, Bahlil Pastikan Belum ada Kenaikan Harga BBM",CNBC Indonesia,"Thu, 26 Mar 2026 16:52:11 +070",1,,https://www.cnbcindonesia.com/news/20260326164223-4-721672/cari-cara-jaga-subsidi-bahlil-pastikan-belum-ada-kenaikan-harga-bbm
"Jumlah Perceraian di RI Melonjak, Banyak Disebabkan Judi - Zina",CNBC Indonesia,"Thu, 26 Mar 2026 16:50:15 +070",0,,https://www.cnbcindonesia.com/research/20260326143904-128-721609/jumlah-perceraian-di-ri-melonjak-banyak-disebabkan-judi--zina
"Timur Tengah Memanas, OJK Peringatkan Industri Asuransi Umum Siaga",CNBC Indonesia,"Thu, 26 Mar 2026 16:45:25 +070",0,,https://www.cnbcindonesia.com/news/20260326125308-8-721563/timur-tengah-memanas-ojk-peringatkan-industri-asuransi-umum-siaga
"Pusingnya Penjual Cabai: Harga Bertahan Tinggi, Terancam Busuk Sia-Sia",CNBC Indonesia,"Thu, 26 Mar 2026 16:45:00 +070",0,,https://www.cnbcindonesia.com/news/20260326144250-7-721612/pusingnya-penjual-cabai-harga-bertahan-tinggi-terancam-busuk-sia-sia
"Aturan Indonesia Terbukti Benar, Warga Amerika Setuju",CNBC Indonesia,"Thu, 26 Mar 2026 16:40:00 +070",0,,https://www.cnbcindonesia.com/tech/20260326134037-37-721603/aturan-indonesia-terbukti-benar-warga-amerika-setuju
Bea Keluar Batu Bara Dinilai Tepat Dongkrak Penerimaan Negara,CNBC Indonesia,"Thu, 26 Mar 2026 16:35:05 +070",0,,https://www.cnbcindonesia.com/news/20260326152410-4-721641/bea-keluar-batu-bara-dinilai-tepat-dongkrak-penerimaan-negara
"Soal PNM, Purbaya: Bos Danantara Katanya Setuju, di Bawahnya Gak Tahu",CNBC Indonesia,"Thu, 26 Mar 2026 16:30:18 +070",0,,https://www.cnbcindonesia.com/market/20260326152255-17-721639/soal-pnm-purbaya-bos-danantara-katanya-setuju-di-bawahnya-gak-tahu
OJK Wajibkan Agen Asuransi Gunakan QR Code Untuk Verifikasi Legalitas ,CNBC Indonesia,"Thu, 26 Mar 2026 16:30:03 +070",0,,https://www.cnbcindonesia.com/news/20260326125254-8-721562/ojk-wajibkan-agen-asuransi-gunakan-qr-code-untuk-verifikasi-legalitas
Bahlil Imbau Warga Pakai Energi BBM-LPG dengan Bijak,CNBC Indonesia,"Thu, 26 Mar 2026 16:27:33 +070",0,,https://www.cnbcindonesia.com/news/20260326162333-4-721663/bahlil-imbau-warga-pakai-energi-bbm-lpg-dengan-bijak
"IHSG Hari Ini Turun 1,89%, Balik Lagi ke Level 7.100-an",CNBC Indonesia,"Thu, 26 Mar 2026 16:25:12 +070",-1,,https://www.cnbcindonesia.com/market/20260326155602-17-721661/ihsg-hari-ini-turun-189-balik-lagi-ke-level-7100-an
"Dunia Kena, Bahlil Yakinkan Bisa Jaga Pasokan Hingga Harga BBM Cs RI",CNBC Indonesia,"Thu, 26 Mar 2026 16:22:24 +070",0,,https://www.cnbcindonesia.com/news/20260326160336-4-721662/dunia-kena-bahlil-yakinkan-bisa-jaga-pasokan-hingga-harga-bbm-cs-ri
Video: Harapan Sektor Konstruksi ditengah Efisiensi Tahun 2026,CNBC Indonesia,"Thu, 26 Mar 2026 16:20:39 +070",0,,https://www.cnbcindonesia.com/news/20260326153339-8-721642/video-harapan-sektor-konstruksi-ditengah-efisiensi-tahun-2026
"Ada Perang, Dubes Saudi Ungkap Nasib Ibadah Haji 2026-Ini Keputusannya",CNBC Indonesia,"Thu, 26 Mar 2026 16:20:00 +070",-1,,https://www.cnbcindonesia.com/news/20260326155449-4-721648/ada-perang-dubes-saudi-ungkap-nasib-ibadah-haji-2026-ini-keputusannya
Beli Rumah vs Bangun Sendiri: Mana yang Lebih Untung di 2026?,CNBC Indonesia,"Thu, 26 Mar 2026 16:15:31 +070",1,,https://www.cnbcindonesia.com/mymoney/20260326160146-72-721657/beli-rumah-vs-bangun-sendiri-mana-yang-lebih-untung-di-2026
"Video: Perang Timteng Kian Panas, Ini Efeknya ke Bisnis Asuransi Umum",CNBC Indonesia,"Thu, 26 Mar 2026 16:15:06 +070",-1,,https://www.cnbcindonesia.com/news/20260326142436-8-721606/video-perang-timteng-kian-panas-ini-efeknya-ke-bisnis-asuransi-umum
"Manfaatkan Volatilitas Geopolitik, Bitcoin Mampu Menembus Badai",CNBC Indonesia,"Thu, 26 Mar 2026 16:12:43 +070",0,,https://www.cnbcindonesia.com/mymoney/20260326160440-72-721654/manfaatkan-volatilitas-geopolitik-bitcoin-mampu-menembus-badai
Wanita China Pecahkan Rekor Bulu Mata Terpanjang di Dunia ,CNBC Indonesia,"Thu, 26 Mar 2026 16:10:41 +070",1,,https://www.cnbcindonesia.com/lifestyle/20260326135540-33-721598/wanita-china-pecahkan-rekor-bulu-mata-terpanjang-di-dunia
"Video: Kembali Efisiensi, Bagaimana Nasib Sektor Konstruksi?",CNBC Indonesia,"Thu, 26 Mar 2026 16:10:39 +070",0,,https://www.cnbcindonesia.com/news/20260326153339-8-721640/video-kembali-efisiensi-bagaimana-nasib-sektor-konstruksi
"Amit-Amit El Nino Godzilla Benar Melanda RI, Seberapa Buruk Efeknya?",CNBC Indonesia,"Thu, 26 Mar 2026 16:05:00 +070",0,,https://www.cnbcindonesia.com/news/20260326142028-4-721605/amit-amit-el-nino-godzilla-benar-melanda-ri-seberapa-buruk-efeknya
OJK Umumkan Tersangka Dugaan Tindak Pindana Perbankan BPR DCN,CNBC Indonesia,"Thu, 26 Mar 2026 16:00:09 +070",-1,,https://www.cnbcindonesia.com/news/20260326125211-8-721561/ojk-umumkan-tersangka-dugaan-tindak-pindana-perbankan-bpr-dcn
Cara Supaya Nomor Tidak Dikenal Tak Bisa Lagi Tawarkan Pinjol,CNBC Indonesia,"Thu, 26 Mar 2026 16:00:00 +070",0,,https://www.cnbcindonesia.com/tech/20260326142112-37-721604/cara-supaya-nomor-tidak-dikenal-tak-bisa-lagi-tawarkan-pinjol
"Daftar 10 Mata Uang Terlemah di Tengah Perang Iran, Ada Rupiah?",CNBC Indonesia,"Thu, 26 Mar 2026 15:55:14 +070",-1,,https://www.cnbcindonesia.com/research/20260326111402-128-721519/daftar-10-mata-uang-terlemah-di-tengah-perang-iran-ada-rupiah
"Tambang Emas Martabe Diizinkan Beroperasi Lagi, Ini Reaksi Agincourt",CNBC Indonesia,"Thu, 26 Mar 2026 15:52:41 +070",0,INCO,https://www.cnbcindonesia.com/news/20260326154648-4-721644/tambang-emas-martabe-diizinkan-beroperasi-lagi-ini-reaksi-agincourt
"Masif Adopsi AI dan Cloud di Perusahaan, Waspada Risiko Keamanan Data",CNBC Indonesia,"Thu, 26 Mar 2026 15:50:42 +070",0,,https://www.cnbcindonesia.com/tech/20260326152328-39-721638/masif-adopsi-ai-cloud-di-perusahaan-waspada-risiko-keamanan-data
"Kabar Terbaru Aturan WFA ASN, Kapan Berlaku?",CNBC Indonesia,"Thu, 26 Mar 2026 15:45:41 +070",0,,https://www.cnbcindonesia.com/news/20260326135841-4-721600/kabar-terbaru-aturan-wfa-asn-kapan-berlaku
Video: OJK Tegaskan Kinerja Perbankan RI Masih Solid,CNBC Indonesia,"Thu, 26 Mar 2026 15:45:16 +070",1,,https://www.cnbcindonesia.com/news/20260326125139-8-721559/video-ojk-tegaskan-kinerja-perbankan-ri-masih-solid
"Emiten Hermanto Tanoko (RISE) Kantongi Laba Rp 87,19 Miliar",CNBC Indonesia,"Thu, 26 Mar 2026 15:40:46 +070",1,,https://www.cnbcindonesia.com/market/20260326145350-17-721623/emiten-hermanto-tanoko--rise--kantongi-laba-rp-8719-miliar
Update Terbaru 25 Maret 2026: Operasional 1.528 SPPG Disetop Sementara,CNBC Indonesia,"Thu, 26 Mar 2026 15:35:20 +070",0,,https://www.cnbcindonesia.com/news/20260326130714-4-721578/update-terbaru-25-maret-2026-operasional-1528-sppg-disetop-sementara
IMF Siapkan Bantuan Darurat Bagi Negara yang Kena Efek Perang Iran,CNBC Indonesia,"Thu, 26 Mar 2026 15:30:30 +070",-1,,https://www.cnbcindonesia.com/news/20260326144009-4-721611/imf-siapkan-bantuan-darurat-bagi-negara-yang-kena-efek-perang-iran
"Video: ADK Baru OJK Resmi Bertugas, Ini Janji Bos OJK Friderica",CNBC Indonesia,"Thu, 26 Mar 2026 15:30:17 +070",0,,https://www.cnbcindonesia.com/news/20260326125121-8-721558/video-adk-baru-ojk-resmi-bertugas-ini-janji-bos-ojk-friderica
Pemudik Ramai-Ramai Panggul Kardus saat Balik ke Jakarta,CNBC Indonesia,"Thu, 26 Mar 2026 15:29:11 +070",0,,https://www.cnbcindonesia.com/news/20260326151329-7-721628/pemudik-ramai-ramai-panggul-kardus-saat-balik-ke-jakarta
Bahlil Lapor ke Prabowo Soal Batu Bara-Nikel: Kebijakan Belum Berubah,CNBC Indonesia,"Thu, 26 Mar 2026 15:25:05 +070",0,,https://www.cnbcindonesia.com/news/20260326140342-4-721601/bahlil-lapor-ke-prabowo-soal-batu-bara-nikel-kebijakan-belum-berubah
"Bos Shell Sebut Asia Korban Pertama Krisis Energi, Eropa Berikutnya",CNBC Indonesia,"Thu, 26 Mar 2026 15:16:59 +070",-1,,https://www.cnbcindonesia.com/news/20260326151432-4-721629/bos-shell-sebut-asia-korban-pertama-krisis-energi-eropa-berikutnya
Video: Asia di Tepi Jurang Krisis BBM,CNBC Indonesia,"Thu, 26 Mar 2026 15:15:07 +070",-1,,https://www.cnbcindonesia.com/news/20260326125103-8-721557/video-asia-di-tepi-jurang-krisis-bbm
"Drone Swarm Jadi Masa Depan Perang, Ukraina Jadi Laboratoriumnya",CNBC Indonesia,"Thu, 26 Mar 2026 15:10:31 +070",-1,,https://www.cnbcindonesia.com/research/20260326101306-128-721543/drone-swarm-jadi-masa-depan-perang-ukraina-jadi-laboratoriumnya
"Kebut MBG, Kopdes dan Renovasi Sekolah, Prabowo Pede Ekonomi RI 8%!",CNBC Indonesia,"Thu, 26 Mar 2026 15:05:24 +070",0,,https://www.cnbcindonesia.com/news/20260325114749-4-721211/kebut-mbg-kopdes-renovasi-sekolah-prabowo-pede-ekonomi-ri-8
"Rupiah Menguat Tipis, Nilai Tukar Dolar AS Turun ke Rp16.895",CNBC Indonesia,"Thu, 26 Mar 2026 15:04:06 +070",0,,https://www.cnbcindonesia.com/market/20260326145824-17-721621/rupiah-menguat-tipis-nilai-tukar-dolar-as-turun-ke-rp16895
ASUS ExpertCenter P400 AiO P440VA untuk Kebutuhan Kerja Perusahaan,CNBC Indonesia,"Thu, 26 Mar 2026 15:02:53 +070",0,,https://www.cnbcindonesia.com/tech/20260326145925-37-721622/asus-expertcenter-p400-aio-p440va-untuk-kebutuhan-kerja-perusahaan
"Video: Perang Picu Krisis Energi, Asia Terancam Kembali ke Era Pandemi",CNBC Indonesia,"Thu, 26 Mar 2026 15:01:19 +070",-2,,https://www.cnbcindonesia.com/news/20260326125047-8-721556/video-perang-picu-krisis-energi-asia-terancam-kembali-ke-era-pandemi
"OJK Belum Cabut Izin Dana Syariah Indonesia, Ini Penyebabnya",CNBC Indonesia,"Thu, 26 Mar 2026 15:00:27 +070",0,,https://www.cnbcindonesia.com/market/20260326142739-17-721608/ojk-belum-cabut-izin-dana-syariah-indonesia-ini-penyebabnya
"Purbaya Usul WFH Tiap Jumat, ASN dan Swasta Sama-sama Enak",CNBC Indonesia,"Thu, 26 Mar 2026 14:55:30 +070",0,,https://www.cnbcindonesia.com/news/20260326134730-4-721596/purbaya-usul-wfh-tiap-jumat-asn-swasta-sama-sama-enak
"Pasar Gembrong Tiba-Tiba Bangkit dari Kubur, Pedagang Lagi Pesta Pora",CNBC Indonesia,"Thu, 26 Mar 2026 14:50:00 +070",0,,https://www.cnbcindonesia.com/news/20260326133204-7-721584/pasar-gembrong-tiba-tiba-bangkit-dari-kubur-pedagang-lagi-pesta-pora
Iran Sebut Pakistan dan Turki Jadi Mediator Negosiasi Damai Dengan AS,CNBC Indonesia,"Thu, 26 Mar 2026 14:45:56 +070",0,,https://www.cnbcindonesia.com/news/20260326124920-8-721554/iran-sebut-pakistan-turki-jadi-mediator-negosiasi-damai-dengan-as
"Aturan RI Mendunia, Inggris Ikut Langkah Indonesia",CNBC Indonesia,"Thu, 26 Mar 2026 14:45:00 +070",0,,https://www.cnbcindonesia.com/tech/20260326132821-37-721583/aturan-ri-mendunia-inggris-ikut-langkah-indonesia
"Sempat Batal Gegara Perang Iran, Trump Jadi Temui Xi Jinping di China",CNBC Indonesia,"Thu, 26 Mar 2026 14:42:29 +070",-1,,https://www.cnbcindonesia.com/news/20260326110322-4-721511/sempat-batal-gegara-perang-iran-trump-jadi-temui-xi-jinping-di-china
"Chandra Asri (TPIA) Cetak Laba US$ 1,09 MIliar Sepanjang 2025",CNBC Indonesia,"Thu, 26 Mar 2026 14:40:40 +070",1,,https://www.cnbcindonesia.com/market/20260326141139-17-721602/chandra-asri--tpia--cetak-laba-us--109-miliar-sepanjang-2025
"Jepang Tiba-Tiba Batalkan Festival Bunga Sakura, Ada Apa?",CNBC Indonesia,"Thu, 26 Mar 2026 14:35:47 +070",0,,https://www.cnbcindonesia.com/lifestyle/20260326132703-33-721582/jepang-tiba-tiba-batalkan-festival-bunga-sakura-ada-apa
CEO BlackRock 'Warning' Resesi Global Jika Minyak Sentuh USD150 ,CNBC Indonesia,"Thu, 26 Mar 2026 14:30:47 +070",-1,,https://www.cnbcindonesia.com/news/20260326125011-8-721555/ceo-blackrock-warning-resesi-global-jika-minyak-sentuh-usd150
"Impor Kakao RI Meledak, Masalahnya Memang Rumit",CNBC Indonesia,"Thu, 26 Mar 2026 14:25:32 +070",0,,https://www.cnbcindonesia.com/research/20260326132509-128-721594/impor-kakao-ri-meledak-masalahnya-memang-rumit
"El Nino Belum Tentu Bikin Produksi Pangan Seret, Asal RI Lakukan Ini",CNBC Indonesia,"Thu, 26 Mar 2026 14:20:00 +070",0,,https://www.cnbcindonesia.com/news/20260326132043-4-721579/el-nino-belum-tentu-bikin-produksi-pangan-seret-asal-ri-lakukan-ini
"Ratusan SPBU Australia Kehabisan BBM, PM Albanese Gelar Rapat Darurat",CNBC Indonesia,"Thu, 26 Mar 2026 14:15:03 +070",0,,https://www.cnbcindonesia.com/news/20260326124852-8-721553/ratusan-spbu-australia-kehabisan-bbm-pm-albanese-gelar-rapat-darurat
Bahlil Siapkan Relaksasi Terukur untuk Batu Bara dan Nikel,CNBC Indonesia,"Thu, 26 Mar 2026 14:15:00 +070",0,,https://www.cnbcindonesia.com/news/20260326130002-4-721565/bahlil-siapkan-relaksasi-terukur-untuk-batu-bara-nikel
"Maskapai Minta Fuel Surcharge-TBA Naik, Kemenhub Respons-Mulai Hitung?",CNBC Indonesia,"Thu, 26 Mar 2026 14:10:00 +070",1,,https://www.cnbcindonesia.com/news/20260326135340-4-721597/maskapai-minta-fuel-surcharge-tba-naik-kemenhub-respons-mulai-hitung
"Perkuat Infrastruktur Migas, Kunci Ketahanan Energi di Tengah Gejolak",CNBC Indonesia,"Thu, 26 Mar 2026 14:08:23 +070",0,,https://www.cnbcindonesia.com/opini/20260326135654-14-721599/perkuat-infrastruktur-migas-kunci-ketahanan-energi-di-tengah-gejolak
"Net Sell Asing Tembus Rp 20 T, BBCA Terbanyak Dibuang di Pasar Reguler",CNBC Indonesia,"Thu, 26 Mar 2026 14:05:21 +070",-1,BBCA,https://www.cnbcindonesia.com/market/20260326132723-17-721592/net-sell-asing-tembus-rp-20-t-bbca-terbanyak-dibuang-di-pasar-reguler
'Krisis Energi Momentum Benahi Subsidi agar Tepat Sasaran',CNBC Indonesia,"Thu, 26 Mar 2026 14:02:00 +070",-1,,https://www.cnbcindonesia.com/news/20260326134957-4-721595/krisis-energi-momentum-benahi-subsidi-agar-tepat-sasaran
"Usai Libur Lebaran, 9,07 Juta Wajib Pajak Tercatat Sudah Lapor SPT ",CNBC Indonesia,"Thu, 26 Mar 2026 14:00:44 +070",0,,https://www.cnbcindonesia.com/news/20260326134125-4-721593/usai-libur-lebaran-907-juta-wajib-pajak-tercatat-sudah-lapor-spt
Video: Prabowo Setujui Bea Keluar Batu Bara Mulai Efektif 1 April 2026,CNBC Indonesia,"Thu, 26 Mar 2026 14:00:40 +070",0,,https://www.cnbcindonesia.com/news/20260326124831-8-721552/video-prabowo-setujui-bea-keluar-batu-bara-mulai-efektif-1-april-2026
"Bukan Cuma iPhone, China Bikin Blackberry Canggih Rp 6 Jutaan",CNBC Indonesia,"Thu, 26 Mar 2026 13:55:00 +070",0,BUKA,https://www.cnbcindonesia.com/tech/20260326130147-37-721566/bukan-cuma-iphone-china-bikin-blackberry-canggih-rp-6-jutaan
"Harga BBM Mulai Mencekik, Ramai-Ramai Sopir Angkot Teriak",CNBC Indonesia,"Thu, 26 Mar 2026 13:50:00 +070",0,,https://www.cnbcindonesia.com/news/20260326111114-7-721532/harga-bbm-mulai-mencekik-ramai-ramai-sopir-angkot-teriak
"Video: Dunia Siaga Krisis, RI Belum Akan Batasi Pembelian BBM ",CNBC Indonesia,"Thu, 26 Mar 2026 13:45:56 +070",-1,,https://www.cnbcindonesia.com/news/20260326124759-8-721551/video-dunia-siaga-krisis-ri-belum-akan-batasi-pembelian-bbm
"Prabowo Titahkan Bahlil Optimalkan Energi Alternatif, Ini Contohnya",CNBC Indonesia,"Thu, 26 Mar 2026 13:45:00 +070",0,,https://www.cnbcindonesia.com/news/20260326123836-4-721548/prabowo-titahkan-bahlil-optimalkan-energi-alternatif-ini-contohnya
"Laba Amman Mineral (AMMN) Anjlok 60%, Ada Apa?",CNBC Indonesia,"Thu, 26 Mar 2026 13:40:08 +070",0,,https://www.cnbcindonesia.com/market/20260326125748-17-721567/laba-amman-mineral--ammn--anjlok-60-ada-apa
Bos AirAsia Terang-terangan Kondisi Terbaru Avtur-Fuel Surcharge di RI,CNBC Indonesia,"Thu, 26 Mar 2026 13:35:00 +070",0,,https://www.cnbcindonesia.com/news/20260326122615-4-721546/bos-airasia-terang-terangan-kondisi-terbaru-avtur-fuel-surcharge-di-ri
"Video: Puncak Arus Balik 29 Maret, 250 Ribu Kendaraan Balik Jakarta",CNBC Indonesia,"Thu, 26 Mar 2026 13:30:33 +070",0,,https://www.cnbcindonesia.com/news/20260326085302-8-721453/video-puncak-arus-balik-29-maret-250-ribu-kendaraan-balik-jakarta
"10 Perusahaan Paling Berkuasa di Laut Dunia, Asia Menantang Eropa",CNBC Indonesia,"Thu, 26 Mar 2026 13:30:19 +070",0,,https://www.cnbcindonesia.com/research/20260326103555-128-721508/10-perusahaan-paling-berkuasa-di-laut-dunia-asia-menantang-eropa
Waspada! Gunung Marapi Sumbar Erupsi Lagi,CNBC Indonesia,"Thu, 26 Mar 2026 13:28:38 +070",0,,https://www.cnbcindonesia.com/news/20260326132627-4-721581/waspada-gunung-marapi-sumbar-erupsi-lagi
Purbaya Ungkap Efisiensi Anggaran Bakal Dilakukan 3 Tahap,CNBC Indonesia,"Thu, 26 Mar 2026 13:25:38 +070",0,,https://www.cnbcindonesia.com/news/20260326112603-4-721530/purbaya-ungkap-efisiensi-anggaran-bakal-dilakukan-3-tahap
Ahli Ungkap Makanan Alami Turunkan Kolesterol Paling Cepat hingga 10%,CNBC Indonesia,"Thu, 26 Mar 2026 13:20:11 +070",-1,,https://www.cnbcindonesia.com/lifestyle/20260326121938-33-721545/ahli-ungkap-makanan-alami-turunkan-kolesterol-paling-cepat-hingga-10
"Video AS: Sedang Negosiasi Dengan Iran, Iran Bantah Adanya Negosiasi ",CNBC Indonesia,"Thu, 26 Mar 2026 13:15:05 +070",0,,https://www.cnbcindonesia.com/news/20260326111938-8-721525/video-as-sedang-negosiasi-dengan-iran-iran-bantah-adanya-negosiasi
"Spesifikasi HP Samsung Galaxy A57 dan Galaxy A37, Fitur AI Lengkap",CNBC Indonesia,"Thu, 26 Mar 2026 13:15:00 +070",0,,https://www.cnbcindonesia.com/tech/20260326123529-37-721564/spesifikasi-hp-samsung-galaxy-a57-dan-galaxy-a37-fitur-ai-lengkap
"Induk Facebook Bidik Valuasi US$9 T, Para Bos Dapat Bonus Segini",CNBC Indonesia,"Thu, 26 Mar 2026 13:10:35 +070",0,,https://www.cnbcindonesia.com/market/20260326121127-17-721549/induk-facebook-bidik-valuasi-us-9-t-para-bos-dapat-bonus-segini
"Dana Bagi Hasil Cukai Rokok Turun, Purbaya Beri Penjelasan",CNBC Indonesia,"Thu, 26 Mar 2026 13:05:27 +070",-1,,https://www.cnbcindonesia.com/news/20260326114917-4-721541/dana-bagi-hasil-cukai-rokok-turun-purbaya-beri-penjelasan
Resmi! Jepang Mulai Lepas Cadangan Minyak Strategis Demi Halau Krisis,CNBC Indonesia,"Thu, 26 Mar 2026 13:00:00 +070",-1,,https://www.cnbcindonesia.com/news/20260326124344-4-721550/resmi-jepang-mulai-lepas-cadangan-minyak-strategis-demi-halau-krisis
Video: Trump Berencana Kunjungi XI Pada Bulan Mei,CNBC Indonesia,"Thu, 26 Mar 2026 13:00:00 +070",0,,https://www.cnbcindonesia.com/news/20260326104112-8-721528/video-trump-berencana-kunjungi-xi-pada-bulan-mei
"Beli BBM di SPBU Pertamina Bisa Dapat Diskon Rp15.000, Begini Caranya",CNBC Indonesia,"Thu, 26 Mar 2026 12:55:00 +070",0,,https://www.cnbcindonesia.com/news/20260326104217-4-721510/beli-bbm-di-spbu-pertamina-bisa-dapat-diskon-rp15000-begini-caranya
"IHSG Hilang Tenaga, Sesi 1 Turun 1,21%",CNBC Indonesia,"Thu, 26 Mar 2026 12:50:37 +070",-1,,https://www.cnbcindonesia.com/market/20260326120853-17-721547/ihsg-hilang-tenaga-sesi-1-turun-121
Video: Harga BBM di AS Akan Turun Setelah Operasi Militer Iran Selesai,CNBC Indonesia,"Thu, 26 Mar 2026 12:50:00 +070",-1,,https://www.cnbcindonesia.com/news/20260326111938-8-721526/video-harga-bbm-di-as-akan-turun-setelah-operasi-militer-iran-selesai
Lengkap! Ini Peta Negara Paling Terdampak Perang Iran: Asia - Eropa,CNBC Indonesia,"Thu, 26 Mar 2026 12:45:24 +070",-1,,https://www.cnbcindonesia.com/research/20260326095207-128-721485/lengkap-ini-peta-negara-paling-terdampak-perang-iran-asia--eropa
Video: UE dan Australia Sepakati Perjanjian Perdagangan Bebas,CNBC Indonesia,"Thu, 26 Mar 2026 12:40:09 +070",0,,https://www.cnbcindonesia.com/news/20260326111937-8-721523/video-ue-australia-sepakati-perjanjian-perdagangan-bebas
"Amerika Makin 'Parno', Produk China Diblokir Total",CNBC Indonesia,"Thu, 26 Mar 2026 12:40:00 +070",0,,https://www.cnbcindonesia.com/tech/20260326112339-37-721529/amerika-makin-parno-produk-china-diblokir-total
"Amran Bikin Gebrakan Kurangi Impor Kedelai, 2029 Terasa Dampaknya",CNBC Indonesia,"Thu, 26 Mar 2026 12:35:00 +070",0,,https://www.cnbcindonesia.com/news/20260326112532-4-721538/amran-bikin-gebrakan-kurangi-impor-kedelai-2029-terasa-dampaknya
"Video: Inflasi Australia Bulan Februari Sebesar 3,7% YoY",CNBC Indonesia,"Thu, 26 Mar 2026 12:30:08 +070",-1,,https://www.cnbcindonesia.com/market/20260326112026-19-721524/video-inflasi-australia-bulan-februari-sebesar-37-yoy
"Prabowo Minta Pendapatan Baru Sektor Mineral, HPM Nikel Siap-Siap Naik",CNBC Indonesia,"Thu, 26 Mar 2026 12:30:00 +070",1,,https://www.cnbcindonesia.com/news/20260326112156-4-721527/prabowo-minta-pendapatan-baru-sektor-mineral-hpm-nikel-siap-siap-naik
"Turis Sepi, Hotel Thailand Banting Harga hingga 40% Jelang Songkran",CNBC Indonesia,"Thu, 26 Mar 2026 12:25:53 +070",0,,https://www.cnbcindonesia.com/lifestyle/20260326111253-33-721518/turis-sepi-hotel-thailand-banting-harga-hingga-40-jelang-songkran
Video: Harga BBM Malaysia Naik Per 26 Maret 2026,CNBC Indonesia,"Thu, 26 Mar 2026 12:20:10 +070",1,,https://www.cnbcindonesia.com/news/20260326104111-8-721522/video-harga-bbm-malaysia-naik-per-26-maret-2026
Bocoran OJK: Ada Bank di RI Mau Naik Kelas Jadi KBMI IV,CNBC Indonesia,"Thu, 26 Mar 2026 12:20:04 +070",1,,https://www.cnbcindonesia.com/market/20260326110400-17-721540/bocoran-ojk-ada-bank-di-ri-mau-naik-kelas-jadi-kbmi-iv
"Pelajaran dari Macet Parah di Gilimanuk, Ternyata Ini Letak Masalahnya",CNBC Indonesia,"Thu, 26 Mar 2026 12:15:00 +070",0,,https://www.cnbcindonesia.com/news/20260326110950-4-721521/pelajaran-dari-macet-parah-di-gilimanuk-ternyata-ini-letak-masalahnya
"Bukan Cuma Krisis Energi, Perang AS-Iran Guncang Semikonduktor Dunia",CNBC Indonesia,"Thu, 26 Mar 2026 12:10:02 +070",-2,BUKA,https://www.cnbcindonesia.com/news/20260326104110-8-721516/bukan-cuma-krisis-energi-perang-as-iran-guncang-semikonduktor-dunia
"Potret Gaza Membara Lagi, Ledakan Hantam Tenda Pengungsi-Puluhan Tewas",CNBC Indonesia,"Thu, 26 Mar 2026 12:10:00 +070",0,,https://www.cnbcindonesia.com/news/20260326090102-7-721460/potret-gaza-membara-lagi-ledakan-hantam-tenda-pengungsi-puluhan-tewas
Ruas Fungsional Seksi 2 Tol Serang-Panimbang Ditutup Sementara,CNBC Indonesia,"Thu, 26 Mar 2026 12:05:30 +070",0,,https://www.cnbcindonesia.com/news/20260326120117-4-721542/ruas-fungsional-seksi-2-tol-serang-panimbang-ditutup-sementara
Cara Kreator TikTok dan YouTuber Dapat Rp50 Juta dari Facebook,CNBC Indonesia,"Thu, 26 Mar 2026 12:05:00 +070",0,,https://www.cnbcindonesia.com/tech/20260326110651-37-721514/cara-kreator-tiktok-dan-youtuber-dapat-rp50-juta-dari-facebook
"Lapor SPT Pajak Kurang Bayar, Tenang Bisa Diangsur!",CNBC Indonesia,"Thu, 26 Mar 2026 12:00:02 +070",0,,https://www.cnbcindonesia.com/news/20260326110527-4-721517/lapor-spt-pajak-kurang-bayar-tenang-bisa-diangsur
"Lapor SPT Diperpanjang- Produksi Ponsel Beralih, India Salip China",CNBC Indonesia,"Thu, 26 Mar 2026 12:00:00 +070",0,,https://www.cnbcindonesia.com/news/20260326104108-8-721503/lapor-spt-diperpanjang-produksi-ponsel-beralih-india-salip-china
"36 Saham Ini Jadi ""Penghuni Abadi"" Zona Gocap, Harga Nyangkut di Rp 50",CNBC Indonesia,"Thu, 26 Mar 2026 11:55:07 +070",0,,https://www.cnbcindonesia.com/research/20260326105921-128-721513/36-saham-ini-jadi-penghuni-abadi-zona-gocap-harga-nyangkut-di-rp-50
Bahlil Ungkap Prabowo Minta Sumber Pendapatan Baru di Sektor Mineral!,CNBC Indonesia,"Thu, 26 Mar 2026 11:50:00 +070",0,,https://www.cnbcindonesia.com/news/20260326110456-4-721512/bahlil-ungkap-prabowo-minta-sumber-pendapatan-baru-di-sektor-mineral
"Diam-Diam Ada Transaksi Jumbo Rp 18,8 Triliun di Saham Konglomerat",CNBC Indonesia,"Thu, 26 Mar 2026 11:45:25 +070",0,,https://www.cnbcindonesia.com/market/20260326104708-17-721509/diam-diam-ada-transaksi-jumbo-rp-188-triliun-di-saham-konglomerat
Transformasi Bisnis Retail Industri Asuransi: Dari Margin ke Volume,CNBC Indonesia,"Thu, 26 Mar 2026 11:40:00 +070",0,,https://www.cnbcindonesia.com/opini/20260326104404-14-721506/transformasi-bisnis-retail-industri-asuransi-dari-margin-ke-volume
6 Konser dan Event yang Batal Imbas Perang Iran vs AS-Israel,CNBC Indonesia,"Thu, 26 Mar 2026 11:35:30 +070",-1,,https://www.cnbcindonesia.com/lifestyle/20260325152520-33-721294/6-konser-dan-event-yang-batal-imbas-perang-iran-vs-as-israel
"Emiten Pelindo Group (IPCC) Cetak Laba Rp256 M, Naik 21% di 2025",CNBC Indonesia,"Thu, 26 Mar 2026 11:30:25 +070",2,,https://www.cnbcindonesia.com/market/20260326104025-17-721502/emiten-pelindo-group--ipcc--cetak-laba-rp256-m-naik-21-di-2025
"Emas Jadi Pilihan THR Saat Lebaran, Tabungan Emas Pegadaian Tumbuh 137,76%",Detik Finance,"Thu, 26 Mar 2026 16:41:32 +070",1,,https://finance.detik.com/berita-ekonomi-bisnis/d-8416595/emas-jadi-pilihan-thr-saat-lebaran-tabungan-emas-pegadaian-tumbuh-137-76
"Bos KPEI Iding Pardi Siap Maju Jadi Direksi BEI, Ini Gerbong Calonnya",Detik Finance,"Thu, 26 Mar 2026 16:35:49 +070",0,,https://finance.detik.com/bursa-dan-valas/d-8416591/bos-kpei-iding-pardi-siap-maju-jadi-direksi-bei-ini-gerbong-calonnya
"Harga BBM Melonjak, Thailand Hadapi Tekanan Krisis Energi",Detik Finance,"Thu, 26 Mar 2026 16:00:55 +070",-2,,https://finance.detik.com/foto-bisnis/d-8415947/harga-bbm-melonjak-thailand-hadapi-tekanan-krisis-energi
"Purbaya: Jika Harga Minyak US$ 150/Barel Trump yang Jatuh, Bukan Kita",Detik Finance,"Thu, 26 Mar 2026 15:58:15 +070",0,BUKA,https://finance.detik.com/energi/d-8416534/purbaya-jika-harga-minyak-us-150-barel-trump-yang-jatuh-bukan-kita
"Iran Izinkan Kapal China-India Lewat Selat Hormuz, Tak Ada Indonesia!",Detik Finance,"Thu, 26 Mar 2026 15:26:43 +070",0,,https://finance.detik.com/berita-ekonomi-bisnis/d-8416477/iran-izinkan-kapal-china-india-lewat-selat-hormuz-tak-ada-indonesia
"Kurang Pasokan, India Borong 60 Juta Barel Minyak Rusia",Detik Finance,"Thu, 26 Mar 2026 14:55:21 +070",0,,https://finance.detik.com/energi/d-8416396/kurang-pasokan-india-borong-60-juta-barel-minyak-rusia
Menghitung Efektivitas WFH Demi Efisiensi,Detik Finance,"Thu, 26 Mar 2026 14:45:49 +070",0,,https://finance.detik.com/berita-ekonomi-bisnis/d-8416315/menghitung-efektivitas-wfh-demi-efisiensi
"Filipina Siapkan Dana Darurat Rp 5,6 T buat Amankan Pasokan Energi",Detik Finance,"Thu, 26 Mar 2026 14:39:26 +070",0,,https://finance.detik.com/energi/d-8416370/filipina-siapkan-dana-darurat-rp-5-6-t-buat-amankan-pasokan-energi
Aktivitas Jual Beli di Pasar Minggu Masih Lengang Usai Lebaran,Detik Finance,"Thu, 26 Mar 2026 14:30:01 +070",0,,https://finance.detik.com/foto-bisnis/d-8416202/aktivitas-jual-beli-di-pasar-minggu-masih-lengang-usai-lebaran
Rahasia Campaign Cuan! Optimalkan Ads &amp; Data dengan Google Sheet,Detik Finance,"Thu, 26 Mar 2026 14:26:47 +070",0,,https://finance.detik.com/berita-ekonomi-bisnis/d-8416352/rahasia-campaign-cuan-optimalkan-ads-data-dengan-google-sheet
Kemenhub Berangkatkan 4.270 Peserta Arus Balik Gratis dari 12 Kota,Detik Finance,"Thu, 26 Mar 2026 14:19:44 +070",0,,https://finance.detik.com/berita-ekonomi-bisnis/d-8416345/kemenhub-berangkatkan-4-270-peserta-arus-balik-gratis-dari-12-kota
Prabowo Minta 'Sulap' Sampah Jadi Listrik Segera Jalan!,Detik Finance,"Thu, 26 Mar 2026 14:17:56 +070",0,,https://finance.detik.com/energi/d-8416341/prabowo-minta-sulap-sampah-jadi-listrik-segera-jalan
Harga Patokan Nikel Bakal Naik demi Genjot Setoran ke Negara,Detik Finance,"Thu, 26 Mar 2026 14:05:07 +070",1,,https://finance.detik.com/energi/d-8416316/harga-patokan-nikel-bakal-naik-demi-genjot-setoran-ke-negara
Potret Tanah Abang Masih Sepi Pascalebaran,Detik Finance,"Thu, 26 Mar 2026 13:30:58 +070",0,,https://finance.detik.com/foto-bisnis/d-8416211/potret-tanah-abang-masih-sepi-pascalebaran
"Harga BBM Negara Tetangga RI Naik Imbas Perang AS-Iran, Ini Daftarnya",Detik Finance,"Thu, 26 Mar 2026 13:23:00 +070",0,,https://finance.detik.com/energi/d-8416243/harga-bbm-negara-tetangga-ri-naik-imbas-perang-as-iran-ini-daftarnya
"Usulan WFH 1 Hari Tinggal Tunggu Prabowo, detikers Setuju Hari Apa?",Detik Finance,"Thu, 26 Mar 2026 13:10:22 +070",0,,https://finance.detik.com/berita-ekonomi-bisnis/d-8416199/usulan-wfh-1-hari-tinggal-tunggu-prabowo-detikers-setuju-hari-apa
"Maskapai Minta Harga Tiket Pesawat Naik, Kemenhub Bilang Begini",Detik Finance,"Thu, 26 Mar 2026 12:38:31 +070",1,,https://finance.detik.com/berita-ekonomi-bisnis/d-8416144/maskapai-minta-harga-tiket-pesawat-naik-kemenhub-bilang-begini
"Hemat Ekstrem! Sri Lanka Gelapkan Jalanan, Krisis Energi Memburuk",Detik Finance,"Thu, 26 Mar 2026 12:34:39 +070",-1,,https://finance.detik.com/energi/d-8416139/hemat-ekstrem-sri-lanka-gelapkan-jalanan-krisis-energi-memburuk
"Iran Akhirnya Izinkan Kapal-kapal Melintas di Selat Hormuz, tapi...",Detik Finance,"Thu, 26 Mar 2026 12:30:11 +070",0,,https://finance.detik.com/berita-ekonomi-bisnis/d-8416135/iran-akhirnya-izinkan-kapal-kapal-melintas-di-selat-hormuz-tapi
"Iran Tolak Negosiasi Damai, Harga Minyak Langsung Ngamuk",Detik Finance,"Thu, 26 Mar 2026 12:17:45 +070",0,,https://finance.detik.com/energi/d-8416114/iran-tolak-negosiasi-damai-harga-minyak-langsung-ngamuk
"Beli Pertamax Diskon hingga Rp 15.000 Sampai 31 Maret, Ini Syaratnya",Detik Finance,"Thu, 26 Mar 2026 11:48:31 +070",0,,https://finance.detik.com/energi/d-8416047/beli-pertamax-diskon-hingga-rp-15-000-sampai-31-maret-ini-syaratnya
Ngeri! Perusahaan Ini Didenda Rp 214 Miliar Gegara SPT Tak Jujur,Detik Finance,"Thu, 26 Mar 2026 11:40:26 +070",0,,https://finance.detik.com/berita-ekonomi-bisnis/d-8416025/ngeri-perusahaan-ini-didenda-rp-214-miliar-gegara-spt-tak-jujur
Waspada! Fenomena Godzilla El Nino Bisa Bikin Kemarau Lebih Panjang,Detik Finance,"Thu, 26 Mar 2026 11:09:36 +070",0,,https://finance.detik.com/berita-ekonomi-bisnis/d-8415956/waspada-fenomena-godzilla-el-nino-bisa-bikin-kemarau-lebih-panjang
Titah Prabowo ke Bahlil: Cari Penerimaan di Sektor Mineral yang Belum Adil,Detik Finance,"Thu, 26 Mar 2026 11:01:20 +070",0,,https://finance.detik.com/energi/d-8415942/titah-prabowo-ke-bahlil-cari-penerimaan-di-sektor-mineral-yang-belum-adil
Antrean BBM di Myanmar Imbas Konflik AS-Israel dan Iran,Detik Finance,"Thu, 26 Mar 2026 11:00:16 +070",0,,https://finance.detik.com/foto-bisnis/d-8415572/antrean-bbm-di-myanmar-imbas-konflik-as-israel-dan-iran
Bahlil Lapor Prabowo Tambahan Proyek Hilirisasi Rp 239 T,Detik Finance,"Thu, 26 Mar 2026 10:49:27 +070",0,,https://finance.detik.com/energi/d-8415924/bahlil-lapor-prabowo-tambahan-proyek-hilirisasi-rp-239-t
Kemnaker Terima Aduan 1.461 Kasus soal THR,Detik Finance,"Thu, 26 Mar 2026 10:32:35 +070",-1,,https://finance.detik.com/berita-ekonomi-bisnis/d-8415896/kemnaker-terima-aduan-1-461-kasus-soal-thr
"Saham BUMI Melempem Lagi, Sekarang Dijual di Harga Segini",Detik Finance,"Thu, 26 Mar 2026 10:25:39 +070",0,,https://finance.detik.com/bursa-dan-valas/d-8415885/saham-bumi-melempem-lagi-sekarang-dijual-di-harga-segini
"Bahlil Tak Mau Buru-buru Naikkan Produksi Batu Bara-Nikel, Ini Alasannya",Detik Finance,"Thu, 26 Mar 2026 10:16:29 +070",1,,https://finance.detik.com/energi/d-8415861/bahlil-tak-mau-buru-buru-naikkan-produksi-batu-bara-nikel-ini-alasannya
Tersangka Kasus BPR Malang Diciduk di Stasiun Gambir,Detik Finance,"Thu, 26 Mar 2026 10:08:15 +070",-2,,https://finance.detik.com/moneter/d-8415852/tersangka-kasus-bpr-malang-diciduk-di-stasiun-gambir
"Saham Garuda Tiba-tiba Terbang, Ada Apa?",Detik Finance,"Thu, 26 Mar 2026 10:01:14 +070",0,,https://finance.detik.com/bursa-dan-valas/d-8415845/saham-garuda-tiba-tiba-terbang-ada-apa
IHSG Bergerak di Dua Arah Pagi Ini,Detik Finance,"Thu, 26 Mar 2026 09:39:06 +070",0,,https://finance.detik.com/bursa-dan-valas/d-8415822/ihsg-bergerak-di-dua-arah-pagi-ini
"Harga Emas Antam Stagnan, Buyback Turun!",Detik Finance,"Thu, 26 Mar 2026 09:31:52 +070",1,,https://finance.detik.com/berita-ekonomi-bisnis/d-8415809/harga-emas-antam-stagnan-buyback-turun
Rupiah Menguat Lawan Dolar AS ke Rp 16.897,Detik Finance,"Thu, 26 Mar 2026 09:28:40 +070",1,,https://finance.detik.com/bursa-dan-valas/d-8415804/rupiah-menguat-lawan-dolar-as-ke-rp-16-897
"Kinerja ASLC Melesat, WBSA Siap IPO Saat IHSG Ditutup Naik 2,75%",Detik Finance,"Thu, 26 Mar 2026 09:14:43 +070",1,,https://finance.detik.com/bursa-dan-valas/d-8415792/kinerja-aslc-melesat-wbsa-siap-ipo-saat-ihsg-ditutup-naik-2-75
Subsidi BBM Malaysia Bengkak hingga 4 Kali Lipat Gara-gara Perang Timur Tengah,Detik Finance,"Thu, 26 Mar 2026 09:10:26 +070",-1,,https://finance.detik.com/energi/d-8415714/subsidi-bbm-malaysia-bengkak-hingga-4-kali-lipat-gara-gara-perang-timur-tengah
"1.528 Dapur MBG Kena Suspend, Ini Biang Keroknya",Detik Finance,"Thu, 26 Mar 2026 09:05:51 +070",0,,https://finance.detik.com/berita-ekonomi-bisnis/d-8415694/1-528-dapur-mbg-kena-suspend-ini-biang-keroknya
"Vietnam &amp; Australia Terdampak Konflik Timur Tengah, Krisis BBM di Depan Mata",Detik Finance,"Thu, 26 Mar 2026 09:00:38 +070",-1,,https://finance.detik.com/energi/d-8415593/vietnam-australia-terdampak-konflik-timur-tengah-krisis-bbm-di-depan-mata
Cerita SBY Selamatkan Ekonomi Saat Harga Minyak Meroket,Detik Finance,"Thu, 26 Mar 2026 08:45:26 +070",0,,https://finance.detik.com/energi/d-8415590/cerita-sby-selamatkan-ekonomi-saat-harga-minyak-meroket
Rencana Besar Friderica Usai Resmi Jadi Bos OJK,Detik Finance,"Thu, 26 Mar 2026 08:30:05 +070",0,,https://finance.detik.com/moneter/d-8415506/rencana-besar-friderica-usai-resmi-jadi-bos-ojk
"BBM Langka, Warga Antre Berjam-jam hingga Ancam Bakar SPBU",Detik Finance,"Thu, 26 Mar 2026 08:00:46 +070",0,,https://finance.detik.com/foto-bisnis/d-8414558/bbm-langka-warga-antre-berjam-jam-hingga-ancam-bakar-spbu
"Sikapi Kondisi Ekonomi Global, Purbaya: Ada Efisiensi MBG",Detik Finance,"Thu, 26 Mar 2026 07:58:00 +070",0,,https://finance.detik.com/berita-ekonomi-bisnis/d-8415502/sikapi-kondisi-ekonomi-global-purbaya-ada-efisiensi-mbg
WFH Sehari demi Hemat BBM Tinggal Diputuskan Prabowo,Detik Finance,"Thu, 26 Mar 2026 07:30:53 +070",0,,https://finance.detik.com/energi/d-8415513/wfh-sehari-demi-hemat-bbm-tinggal-diputuskan-prabowo
"Tak Seindah Target Pemerintah, Pertumbuhan Ekonomi Diramal Kurang dari 5,5%",Detik Finance,"Thu, 26 Mar 2026 07:00:10 +070",1,,https://finance.detik.com/berita-ekonomi-bisnis/d-8415505/tak-seindah-target-pemerintah-pertumbuhan-ekonomi-diramal-kurang-dari-5-5
Purbaya Sebut RI Harus Siap-siap Jika Krisis BBM,Detik Finance,"Thu, 26 Mar 2026 06:30:05 +070",-1,,https://finance.detik.com/energi/d-8415498/purbaya-sebut-ri-harus-siap-siap-jika-krisis-bbm
Filipina &amp; Bangladesh Darurat BBM!,Detik Finance,"Thu, 26 Mar 2026 05:55:21 +070",0,,https://finance.detik.com/energi/d-8415495/filipina-bangladesh-darurat-bbm
"Jasa Raharja Salurkan Santunan Rp 11,2 Miliar Selama Periode Lebaran",Detik Finance,"Wed, 25 Mar 2026 22:52:46 +070",0,,https://finance.detik.com/berita-ekonomi-bisnis/d-8415607/jasa-raharja-salurkan-santunan-rp-11-2-miliar-selama-periode-lebaran
Puncak Arus Balik Diprediksi 28-29 Maret,Detik Finance,"Wed, 25 Mar 2026 22:31:17 +070",0,,https://finance.detik.com/berita-ekonomi-bisnis/d-8415597/puncak-arus-balik-diprediksi-28-29-maret
Pengusaha Ungkap Kondisi Industri Tembakau Usai Aturan Rokok Berlaku,Detik Finance,"Wed, 25 Mar 2026 22:17:13 +070",0,,https://finance.detik.com/industri/d-8415592/pengusaha-ungkap-kondisi-industri-tembakau-usai-aturan-rokok-berlaku
"Krisis BBM, Filipina Buka Opsi Setop Operasional Pesawat",Detik Finance,"Wed, 25 Mar 2026 21:36:53 +070",-1,BUKA,https://finance.detik.com/energi/d-8415535/krisis-bbm-filipina-buka-opsi-setop-operasional-pesawat
Purbaya Buka-bukaan soal Coretax: Salah Desain!,Detik Finance,"Wed, 25 Mar 2026 21:15:42 +070",0,BUKA,https://finance.detik.com/berita-ekonomi-bisnis/d-8415524/purbaya-buka-bukaan-soal-coretax-salah-desain
"Trump Kasih Sinyal Damai ke Iran, Harga Minyak Dunia Langsung Anjlok 5%",Detik Finance,"Wed, 25 Mar 2026 21:00:25 +070",-1,,https://finance.detik.com/energi/d-8415435/trump-kasih-sinyal-damai-ke-iran-harga-minyak-dunia-langsung-anjlok-5
Menhub Bakal Panggil Bos 124 Perusahaan yang Langgar Aturan Pembatasan Truk,Detik Finance,"Wed, 25 Mar 2026 20:30:00 +070",0,,https://finance.detik.com/berita-ekonomi-bisnis/d-8415476/menhub-bakal-panggil-bos-124-perusahaan-yang-langgar-aturan-pembatasan-truk
IHSG Dibuka Menguat Usai Libur Lebaran,Detik Finance,"Wed, 25 Mar 2026 20:00:57 +070",1,BUKA,https://finance.detik.com/foto-bisnis/d-8414659/ihsg-dibuka-menguat-usai-libur-lebaran
"Purbaya Kembali Guyur Bank Rp 100 T, OJK Ungkap Dampaknya",Detik Finance,"Wed, 25 Mar 2026 20:00:04 +070",0,,https://finance.detik.com/moneter/d-8415403/purbaya-kembali-guyur-bank-rp-100-t-ojk-ungkap-dampaknya
"Aturan Baru Siap Terbit, Free Float Saham 15% Rampung Bulan Ini",Detik Finance,"Wed, 25 Mar 2026 19:30:42 +070",0,,https://finance.detik.com/bursa-dan-valas/d-8415364/aturan-baru-siap-terbit-free-float-saham-15-rampung-bulan-ini
Catat! Ini Jadwal Diskon Tarif Tol 30% Arus Balik,Detik Finance,"Wed, 25 Mar 2026 18:59:44 +070",0,,https://finance.detik.com/berita-ekonomi-bisnis/d-8415381/catat-ini-jadwal-diskon-tarif-tol-30-arus-balik
Purbaya Diam-diam Guyur Rp 100 T ke Bank Sebelum Lebaran,Detik Finance,"Wed, 25 Mar 2026 18:45:19 +070",0,,https://finance.detik.com/moneter/d-8415313/purbaya-diam-diam-guyur-rp-100-t-ke-bank-sebelum-lebaran
Janji Fredirica Widyasari Usai Dilantik Jadi Bos Baru OJK,Detik Finance,"Wed, 25 Mar 2026 18:30:19 +070",0,,https://finance.detik.com/moneter/d-8415298/janji-fredirica-widyasari-usai-dilantik-jadi-bos-baru-ojk
"Beredar Paket Pencalonan Bos Baru Bursa, OJK Buka Suara",Detik Finance,"Wed, 25 Mar 2026 18:00:54 +070",0,BUKA,https://finance.detik.com/bursa-dan-valas/d-8415239/beredar-paket-pencalonan-bos-baru-bursa-ojk-buka-suara
Pemerintah Klaim Arus Balik Mudik Lancar,Detik Finance,"Wed, 25 Mar 2026 17:43:35 +070",0,,https://finance.detik.com/berita-ekonomi-bisnis/d-8415236/pemerintah-klaim-arus-balik-mudik-lancar
Lebih dari 2 Juta Kendaraan Sudah Balik Mudik ke Jakarta,Detik Finance,"Wed, 25 Mar 2026 17:31:49 +070",0,,https://finance.detik.com/berita-ekonomi-bisnis/d-8415218/lebih-dari-2-juta-kendaraan-sudah-balik-mudik-ke-jakarta
Pertamina Catat Kenaikan Konsumsi Pertamax Series Selama Lebaran 2026,Detik Finance,"Wed, 25 Mar 2026 17:09:31 +070",1,,https://finance.detik.com/energi/d-8415184/pertamina-catat-kenaikan-konsumsi-pertamax-series-selama-lebaran-2026
Purbaya Kurang Bayar Pajak Rp 50 Juta,Detik Finance,"Wed, 25 Mar 2026 17:00:29 +070",0,,https://finance.detik.com/berita-ekonomi-bisnis/d-8415172/purbaya-kurang-bayar-pajak-rp-50-juta
SpaceHub Hadirkan Self Storage Modern untuk Berbagai Kebutuhan,Detik Finance,"Wed, 25 Mar 2026 17:00:22 +070",0,,https://finance.detik.com/berita-ekonomi-bisnis/d-8415171/spacehub-hadirkan-self-storage-modern-untuk-berbagai-kebutuhan
"SBY Ikut Pantau Gejolak Harga Minyak Dunia, Sebut RI Tak Perlu Panik",Detik Finance,"Wed, 25 Mar 2026 16:56:36 +070",0,,https://finance.detik.com/energi/d-8415169/sby-ikut-pantau-gejolak-harga-minyak-dunia-sebut-ri-tak-perlu-panik
IHSG Melesat Usai Libur Lebaran,Detik Finance,"Wed, 25 Mar 2026 16:47:05 +070",0,,https://finance.detik.com/bursa-dan-valas/d-8415145/ihsg-melesat-usai-libur-lebaran
Jeffrey Hendrik Buka Suara soal Dikabarkan Maju Lagi Jadi Bos BEI,Detik Finance,"Wed, 25 Mar 2026 16:43:32 +070",0,BUKA,https://finance.detik.com/bursa-dan-valas/d-8415125/jeffrey-hendrik-buka-suara-soal-dikabarkan-maju-lagi-jadi-bos-bei
"Waduh! Setelah Lebaran, Ekonomi RI Terancam Turun di Bawah 5%",Detik Finance,"Wed, 25 Mar 2026 16:33:59 +070",-1,,https://finance.detik.com/berita-ekonomi-bisnis/d-8415115/waduh-setelah-lebaran-ekonomi-ri-terancam-turun-di-bawah-5
Pastel Abon dari Surakarta Ini Berkembang Berkat Dukungan LinkUMKM BRI,Detik Finance,"Wed, 25 Mar 2026 16:30:44 +070",0,LINK,https://finance.detik.com/berita-ekonomi-bisnis/d-8415026/pastel-abon-dari-surakarta-ini-berkembang-berkat-dukungan-linkumkm-bri
Buruh Tuntut Kenaikan Upah di Tengah Darurat Energi,Detik Finance,"Wed, 25 Mar 2026 16:30:20 +070",1,,https://finance.detik.com/foto-bisnis/d-8414847/buruh-tuntut-kenaikan-upah-di-tengah-darurat-energi
"Maskapai Siap-siap, Harga Avtur Diprediksi Naik Bulan Depan",Detik Finance,"Wed, 25 Mar 2026 16:29:27 +070",1,,https://finance.detik.com/energi/d-8415108/maskapai-siap-siap-harga-avtur-diprediksi-naik-bulan-depan
Harga BBM di Vietnam Naik Gila-gilaan Imbas Perang Timur Tengah,Detik Finance,"Wed, 25 Mar 2026 16:08:16 +070",0,,https://finance.detik.com/energi/d-8415056/harga-bbm-di-vietnam-naik-gila-gilaan-imbas-perang-timur-tengah
"Pertamina Sediakan 19 Titik Singgah Gratis untuk Pemudik, Ini Fasilitasnya",Detik Finance,"Wed, 25 Mar 2026 15:51:55 +070",0,,https://finance.detik.com/infrastruktur/d-8415262/pertamina-sediakan-19-titik-singgah-gratis-untuk-pemudik-ini-fasilitasnya
"Berkat BRI, Yummy Craft Bawa Desain Kuliner Nusantara Tembus Pasar Global",Detik Finance,"Wed, 25 Mar 2026 15:50:56 +070",0,,https://finance.detik.com/berita-ekonomi-bisnis/d-8415017/berkat-bri-yummy-craft-bawa-desain-kuliner-nusantara-tembus-pasar-global
WFH 1 Hari dalam Seminggu Masih Tunggu Lampu Hijau dari Prabowo,Detik Finance,"Wed, 25 Mar 2026 15:49:20 +070",0,,https://finance.detik.com/berita-ekonomi-bisnis/d-8415016/wfh-1-hari-dalam-seminggu-masih-tunggu-lampu-hijau-dari-prabowo
"DPR Soroti Beban APBN Bertambah Rp 6,7 T Setiap Harga Minyak Naik US$ 1",Detik Finance,"Wed, 25 Mar 2026 15:40:45 +070",1,,https://finance.detik.com/energi/d-8414987/dpr-soroti-beban-apbn-bertambah-rp-6-7-t-setiap-harga-minyak-naik-us-1
"Beredar Isu Kopdes Merah Putih Picu Bentrok di NTT, Kemenkop Bantah",Detik Finance,"Wed, 25 Mar 2026 15:36:46 +070",0,,https://finance.detik.com/berita-ekonomi-bisnis/d-8414979/beredar-isu-kopdes-merah-putih-picu-bentrok-di-ntt-kemenkop-bantah
Sah! Friderica Widyasari Dilantik Jadi Ketua OJK,Detik Finance,"Wed, 25 Mar 2026 15:28:04 +070",0,,https://finance.detik.com/moneter/d-8414965/sah-friderica-widyasari-dilantik-jadi-ketua-ojk
"Purbaya Sebut MBG Mau Dikurangi Sehari, Negara Hemat Rp 40 T",Detik Finance,"Wed, 25 Mar 2026 15:11:01 +070",0,,https://finance.detik.com/berita-ekonomi-bisnis/d-8414933/purbaya-sebut-mbg-mau-dikurangi-sehari-negara-hemat-rp-40-t
Butuh Rp 130 T Bangun Ulang Wilayah Sumatera yang Kena Bencana,Detik Finance,"Wed, 25 Mar 2026 14:36:12 +070",-1,,https://finance.detik.com/infrastruktur/d-8414859/butuh-rp-130-t-bangun-ulang-wilayah-sumatera-yang-kena-bencana
Terminal Kampung Rambutan Bakal Ditata Ulang untuk Atasi Banjir,Detik Finance,"Wed, 25 Mar 2026 14:30:07 +070",-1,,https://finance.detik.com/foto-bisnis/d-8414664/terminal-kampung-rambutan-bakal-ditata-ulang-untuk-atasi-banjir
Purbaya Mau Deadline Lapor SPT Pribadi Diperpanjang Sampai April,Detik Finance,"Wed, 25 Mar 2026 14:15:24 +070",0,,https://finance.detik.com/berita-ekonomi-bisnis/d-8414830/purbaya-mau-deadline-lapor-spt-pribadi-diperpanjang-sampai-april
"Australia Terancam Krisis BBM, Ratusan SPBU Kehabisan Stok",Detik Finance,"Wed, 25 Mar 2026 14:10:27 +070",-1,,https://finance.detik.com/energi/d-8414821/australia-terancam-krisis-bbm-ratusan-spbu-kehabisan-stok
Mendagri Ungkap Biang Kerok Antrean BBM di Kalimantan Barat,Detik Finance,"Wed, 25 Mar 2026 14:06:37 +070",0,,https://finance.detik.com/energi/d-8414798/mendagri-ungkap-biang-kerok-antrean-bbm-di-kalimantan-barat
"Filipina &amp; Bangladesh Krisis BBM, Purbaya: Kita Mesti Siap-siap!",Detik Finance,"Wed, 25 Mar 2026 14:00:27 +070",-1,,https://finance.detik.com/energi/d-8414794/filipina-bangladesh-krisis-bbm-purbaya-kita-mesti-siap-siap
"Pemerintah Yakin Ekonomi RI Tumbuh 5,5%, Ekonom Ramal Lebih Rendah",Detik Finance,"Wed, 25 Mar 2026 13:51:16 +070",1,,https://finance.detik.com/berita-ekonomi-bisnis/d-8414774/pemerintah-yakin-ekonomi-ri-tumbuh-5-5-ekonom-ramal-lebih-rendah
Begini Pergerakan Saham BBCA Jelang Pembagian Dividen,Detik Finance,"Wed, 25 Mar 2026 13:31:51 +070",1,BBCA,https://finance.detik.com/bursa-dan-valas/d-8414731/begini-pergerakan-saham-bbca-jelang-pembagian-dividen
Pemprov DKI Atur Kerja Fleksibel ASN Selama Arus Balik Lebaran,Detik Finance,"Wed, 25 Mar 2026 13:29:31 +070",0,,https://finance.detik.com/foto-bisnis/d-8414721/pemprov-dki-atur-kerja-fleksibel-asn-selama-arus-balik-lebaran
MDKA Perkuat Peran Perempuan dalam Transformasi Industri Tambang,Detik Finance,"Wed, 25 Mar 2026 12:51:27 +070",0,MDKA,https://finance.detik.com/energi/d-8414626/mdka-perkuat-peran-perempuan-dalam-transformasi-industri-tambang
Ekonomi Perang,Detik Finance,"Wed, 25 Mar 2026 12:50:55 +070",-1,,https://finance.detik.com/berita-ekonomi-bisnis/d-8414625/ekonomi-perang
Peringatan BlackRock: Minyak US$ 150 Bisa Bikin Ekonomi Dunia Ambruk,Detik Finance,"Wed, 25 Mar 2026 12:47:19 +070",0,,https://finance.detik.com/energi/d-8414621/peringatan-blackrock-minyak-us-150-bisa-bikin-ekonomi-dunia-ambruk
OJK Bakal Bentuk Badan Pengelola Instrumen Keuangan Tahun Ini,Detik Finance,"Wed, 25 Mar 2026 12:34:23 +070",0,,https://finance.detik.com/moneter/d-8414588/ojk-bakal-bentuk-badan-pengelola-instrumen-keuangan-tahun-ini
Buruh Ragu Kebijakan WFH Bisa Kurangi Konsumsi BBM Secara Drastis,Detik Finance,"Wed, 25 Mar 2026 12:11:43 +070",0,,https://finance.detik.com/energi/d-8414532/buruh-ragu-kebijakan-wfh-bisa-kurangi-konsumsi-bbm-secara-drastis
"IHSG Menguat Usai Libur Lebaran di Tengah Perang, OJK Buka Suara",Detik Finance,"Wed, 25 Mar 2026 12:04:25 +070",0,BUKA,https://finance.detik.com/bursa-dan-valas/d-8414518/ihsg-menguat-usai-libur-lebaran-di-tengah-perang-ojk-buka-suara
Driver Ojol Minta Subsidi buat Beli Motor Listrik di Tengah Ancaman Krisis BBM,Detik Finance,"Wed, 25 Mar 2026 11:54:56 +070",-1,,https://finance.detik.com/energi/d-8414505/driver-ojol-minta-subsidi-buat-beli-motor-listrik-di-tengah-ancaman-krisis-bbm
"Presiden Direktur Astra Otoparts (AUTO) Tiba-tiba Mundur, Ada Apa?",Detik Finance,"Wed, 25 Mar 2026 11:48:00 +070",0,AUTO,https://finance.detik.com/bursa-dan-valas/d-8414488/presiden-direktur-astra-otoparts-auto-tiba-tiba-mundur-ada-apa
Bitcoin Menguat Saat Timur Tengah Memanas,Detik Finance,"Wed, 25 Mar 2026 11:35:16 +070",1,,https://finance.detik.com/fintech/d-8414500/bitcoin-menguat-saat-timur-tengah-memanas
"Efek Perang Iran, Terusan Panama Diserbu Kapal LNG",Detik Finance,"Wed, 25 Mar 2026 11:00:56 +070",-1,,https://finance.detik.com/foto-bisnis/d-8414220/efek-perang-iran-terusan-panama-diserbu-kapal-lng
"Bangladesh Krisis BBM, Warga Antre Berjam-jam, SPBU Terancam Dibakar",Detik Finance,"Wed, 25 Mar 2026 10:59:11 +070",-1,,https://finance.detik.com/energi/d-8414396/bangladesh-krisis-bbm-warga-antre-berjam-jam-spbu-terancam-dibakar
